Date,Australian Cash Interest Rate*,Domestic Bond Index~,Domestic Shares Index#,,,,,,
31-Dec-1975,,,,,,,,,
31-Jan-1976,7.500%,,,,,,,,
29-Feb-1976,8.300%,,,,,,,,
31-Mar-1976,8.400%,,,,,,,,
30-Apr-1976,10.000%,,,,,,,,
31-May-1976,9.850%,,,,,,,,
30-Jun-1976,10.250%,,,,,,,,
31-Jul-1976,9.600%,,,,,,,,
31-Aug-1976,9.300%,,,,,,,,
30-Sep-1976,9.275%,,,,,,,,
31-Oct-1976,8.950%,,,,,,,,
30-Nov-1976,10.250%,,,,,,,,
31-Dec-1976,9.125%,,,,,,,,
31-Jan-1977,8.850%,,,,,,,,
28-Feb-1977,9.400%,,,,,,,,
31-Mar-1977,10.425%,,,,,,,,
30-Apr-1977,11.400%,,,,,,,,
31-May-1977,10.525%,,,,,,,,
30-Jun-1977,11.500%,,,,,,,,
31-Jul-1977,10.850%,,,,,,,,
31-Aug-1977,10.725%,,,,,,,,
30-Sep-1977,10.450%,,,,,,,,
31-Oct-1977,9.750%,,,,,,,,
30-Nov-1977,9.650%,,,,,,,,
31-Dec-1977,9.525%,,,,,,,,
31-Jan-1978,9.500%,,,,,,,,
28-Feb-1978,9.600%,,,,,,,,
31-Mar-1978,10.625%,,,,,,,,
30-Apr-1978,10.725%,,,,,,,,
31-May-1978,10.400%,,,,,,,,
30-Jun-1978,10.650%,,,,,,,,
31-Jul-1978,9.550%,,,,,,,,
31-Aug-1978,9.725%,,,,,,,,
30-Sep-1978,9.675%,,,,,,,,
31-Oct-1978,9.375%,,,,,,,,
30-Nov-1978,8.775%,,,,,,,,
31-Dec-1978,8.600%,,,,,,,,
31-Jan-1979,8.530%,,,,,,,,
28-Feb-1979,8.825%,,,,,,,,
31-Mar-1979,9.575%,,,,,,,,
30-Apr-1979,10.725%,,,,,,,,
31-May-1979,10.000%,,,,,,,,
30-Jun-1979,10.400%,,,,,,,,
31-Jul-1979,9.675%,,,,,,,,
31-Aug-1979,9.875%,,,,,,,,
30-Sep-1979,9.925%,,,,,,,,
31-Oct-1979,10.050%,,,,,,,,
30-Nov-1979,10.050%,,,,,,,,
31-Dec-1979,10.050%,," 1,000.00 ",,,,,,
31-Jan-1980,10.150%,," 1,174.30 ",,,,,,
29-Feb-1980,10.050%,," 1,214.60 ",,,,,,
31-Mar-1980,12.975%,," 1,040.09 ",,,,,,
30-Apr-1980,13.125%,," 1,079.03 ",,,,,,
31-May-1980,13.925%,," 1,214.60 ",,,,,,
30-Jun-1980,14.150%,," 1,286.50 ",,,,,,
31-Jul-1980,12.700%,," 1,305.50 ",,,,,,
31-Aug-1980,12.175%,," 1,355.00 ",,,,,,
30-Sep-1980,11.375%,," 1,434.60 ",,,,,,
31-Oct-1980,11.200%,," 1,520.07 ",,,,,,
30-Nov-1980,11.800%,," 1,528.06 ",,,,,,
31-Dec-1980,12.550%,," 1,488.06 ",,,,,,
31-Jan-1981,12.850%,," 1,373.50 ",,,,,,
28-Feb-1981,13.750%,," 1,366.06 ",,,,,,
31-Mar-1981,15.375%,," 1,495.02 ",,,,,,
30-Apr-1981,16.700%,," 1,498.10 ",,,,,,
31-May-1981,15.050%,," 1,515.10 ",,,,,,
30-Jun-1981,16.050%,," 1,489.60 ",,,,,,
31-Jul-1981,15.775%,," 1,351.00 ",,,,,,
31-Aug-1981,15.575%,," 1,343.90 ",,,,,,
30-Sep-1981,15.150%,," 1,239.00 ",,,,,,
31-Oct-1981,14.625%,," 1,189.07 ",,,,,,
30-Nov-1981,14.775%,," 1,291.10 ",,,,,,
31-Dec-1981,15.625%,," 1,296.00 ",,,,,,
31-Jan-1982,16.800%,," 1,197.08 ",,,,,,
28-Feb-1982,17.150%,," 1,073.60 ",,,,,,
31-Mar-1982,20.100%,," 1,018.40 ",,,,,,
30-Apr-1982,21.500%,," 1,119.10 ",,,,,,
31-May-1982,17.525%,," 1,124.05 ",,,,,,
30-Jun-1982,18.850%,," 1,057.02 ",,,,,,
31-Jul-1982,16.650%,," 1,042.90 ",,,,,,
31-Aug-1982,16.875%,," 1,084.40 ",,,,,,
30-Sep-1982,13.300%,," 1,136.02 ",,,,,,
31-Oct-1982,15.850%,," 1,149.70 ",,,,,,
30-Nov-1982,14.175%,," 1,110.03 ",,,,,,
31-Dec-1982,9.550%,," 1,116.03 ",,,,,,
31-Jan-1983,11.075%,," 1,236.06 ",,,,,,
28-Feb-1983,16.800%,," 1,150.90 ",,,,,,
31-Mar-1983,16.000%,," 1,192.07 ",,,,,,
30-Apr-1983,12.550%,," 1,385.50 ",,,,,,
31-May-1983,13.075%,," 1,454.30 ",,,,,,
30-Jun-1983,13.250%,," 1,424.01 ",,,,,,
31-Jul-1983,11.950%,," 1,584.05 ",,,,,,
31-Aug-1983,12.050%,," 1,656.06 ",,,,,,
30-Sep-1983,10.925%,," 1,703.00 ",,,,,,
31-Oct-1983,10.675%,," 1,644.00 ",,,,,,
30-Nov-1983,10.225%,," 1,784.60 ",,,,,,
31-Dec-1983,9.275%,," 1,862.00 ",,,,,,
31-Jan-1984,10.800%,," 1,842.50 ",,,,,,
29-Feb-1984,13.000%,," 1,778.07 ",,,,,,
31-Mar-1984,13.900%,," 1,819.02 ",,,,,,
30-Apr-1984,14.275%,," 1,845.00 ",,,,,,
31-May-1984,13.625%,," 1,600.30 ",,,,,,
30-Jun-1984,12.500%,," 1,615.09 ",,,,,,
31-Jul-1984,12.325%,," 1,675.02 ",,,,,,
31-Aug-1984,10.900%,," 1,805.00 ",,,,,,
30-Sep-1984,11.200%,," 1,825.04 ",,,,,,
31-Oct-1984,11.200%,," 1,879.02 ",,,,,,
30-Nov-1984,11.775%,," 1,876.50 ",,,,,,
31-Dec-1984,13.000%,," 1,820.00 ",,,,,,
31-Jan-1985,13.175%,," 1,944.10 ",,,,,,
28-Feb-1985,14.475%,," 1,995.50 ",,,,,,
31-Mar-1985,15.500%,," 2,101.50 ",,,,,,
30-Apr-1985,16.025%,," 2,231.09 ",,,,,,
31-May-1985,15.350%,," 2,231.30 ",,,,,,
30-Jun-1985,15.900%,," 2,205.80 ",,,,,,
31-Jul-1985,15.325%,," 2,403.01 ",,,,,,
31-Aug-1985,17.050%,," 2,411.30 ",,,,,,
30-Sep-1985,16.525%,," 2,545.90 ",,,,,,
31-Oct-1985,16.525%,," 2,670.01 ",,,,,,
30-Nov-1985,18.475%,," 2,583.00 ",,,,,,
31-Dec-1985,19.550%,," 2,621.09 ",,,,,,
31-Jan-1986,18.075%,," 2,815.05 ",,,,,,
28-Feb-1986,17.225%,," 2,754.70 ",,,,,,
31-Mar-1986,16.250%,," 2,995.05 ",,,,,,
30-Apr-1986,15.975%,," 3,212.02 ",,,,,,
31-May-1986,14.525%,," 3,297.60 ",,,,,,
30-Jun-1986,14.800%,," 3,143.01 ",,,,,,
31-Jul-1986,15.450%,," 2,998.03 ",,,,,,
31-Aug-1986,18.400%,," 3,187.02 ",,,,,,
30-Sep-1986,17.825%,," 3,341.09 ",,,,,,
31-Oct-1986,16.200%,," 3,715.80 ",,,,,,
30-Nov-1986,15.850%,," 3,732.30 ",,,,,,
31-Dec-1986,15.000%,," 3,991.00 ",,,,,,
31-Jan-1987,16.825%,," 4,060.20 ",,,,,,
28-Feb-1987,16.575%, 11.2999732313668 ," 4,385.10 ",,,,,,
31-Mar-1987,16.250%, 11.8479564427784 ," 4,601.60 ",,,,,,
30-Apr-1987,14.625%, 12.2088674491966 ," 4,784.40 ",,,,,,
31-May-1987,13.925%, 12.3596981739622 ," 4,850.02 ",,,,,,
30-Jun-1987,13.450%, 12.5154914250660 ," 4,840.08 ",,,,,,
31-Jul-1987,12.800%, 12.7240679108585 ," 5,580.60 ",,,,,,
31-Aug-1987,12.425%, 12.9076813853738 ," 5,914.07 ",,,,,,
30-Sep-1987,11.275%, 13.4039340191987 ," 6,197.20 ",,,,,,
31-Oct-1987,13.450%, 12.7300830942988 ," 3,586.01 ",,,,,,
30-Nov-1987,12.100%, 13.1612213673825 ," 3,696.40 ",,,,,,
31-Dec-1987,11.425%, 13.6449924955689 ," 3,677.05 ",,,,,,
31-Jan-1988,10.825%, 14.0320695499524 ," 3,510.50 ",,,,,,
29-Feb-1988,10.900%, 14.1851559685081 ," 3,499.09 ",,,,,,
31-Mar-1988,11.450%, 14.5847145285302 ," 3,975.03 ",,,,,,
30-Apr-1988,11.525%, 14.9480316083245 ," 4,120.50 ",,,,,,
31-May-1988,12.825%, 14.4847121038351 ," 4,446.06 ",,,,,,
30-Jun-1988,13.150%, 14.9160007565048 ," 4,423.08 ",,,,,,
31-Jul-1988,13.100%, 15.0170558383019 ," 4,591.10 ",,,,,,
31-Aug-1988,13.600%, 15.2215720752722 ," 4,482.00 ",,,,,,
30-Sep-1988,13.980%, 15.1784131340881 ," 4,439.60 ",,,,,,
31-Oct-1988,14.200%, 15.3393192911162 ," 4,579.40 ",,,,,,
30-Nov-1988,14.950%, 15.2044288024674 ," 4,262.07 ",,,,,,
31-Dec-1988,15.400%, 15.0379586007570 ," 4,334.09 ",,,,,,
31-Jan-1989,15.950%, 14.9376554168899 ," 4,528.02 ",,,,,,
28-Feb-1989,16.850%, 14.9047222875543 ," 4,348.40 ",,,,,,
31-Mar-1989,17.600%, 15.0714932484367 ," 4,297.02 ",,,,,,
30-Apr-1989,17.230%, 15.3758615305160 ," 4,459.09 ",,,,,,
31-May-1989,18.230%, 15.2343543400829 ," 4,569.02 ",,,,,,
30-Jun-1989,18.300%, 15.6248901249445 ," 4,579.08 ",,,,,,
31-Jul-1989,18.180%, 15.8925657880380 ," 4,928.30 ",,,,,,
31-Aug-1989,17.900%, 16.3061096495588 ," 5,324.00 ",,,,,,
30-Sep-1989,18.380%, 15.9830942988146 ," 5,255.40 ",,,,,,
31-Oct-1989,18.400%, 16.2140773429222 ," 5,026.80 ",,,,,,
30-Nov-1989,17.980%, 16.7265709720360 ," 4,954.50 ",,,,,,
31-Dec-1989,17.550%, 17.1031214553989 ," 5,089.02 ",,,,,,
31-Jan-1990,16.500%, 17.4073393578923 ," 5,182.40 ",,,,,,
28-Feb-1990,16.280%, 17.2480873763102 ," 4,867.01 ",,,,,,
31-Mar-1990,15.380%, 17.3647819350521 ," 4,786.10 ",,,,,,
30-Apr-1990,15.100%, 17.3462852459732 ," 4,507.07 ",,,,,,
31-May-1990,15.000%, 17.7220838314061 ," 4,772.80 ",,,,,,
30-Jun-1990,15.090%, 18.0001356859341 ," 4,767.10 ",,,,,,
31-Jul-1990,14.770%, 18.3793930018452 ," 5,008.40 ",,,,,,
31-Aug-1990,13.780%, 18.5324794204009 ," 4,804.80 ",,,,,,
30-Sep-1990,13.580%, 18.7493267834238 ," 4,464.20 ",,,,,,
31-Oct-1990,12.760%, 19.1866306195338 ," 4,286.20 ",,,,,,
30-Nov-1990,12.560%, 19.9346186803355 ," 4,301.00 ",,,,,,
31-Dec-1990,12.100%, 20.3310192690514 ," 4,197.07 ",,,,,,
31-Jan-1991,11.840%, 20.8657690768943 ," 4,335.06 ",,,,,,
28-Feb-1991,11.650%, 21.1591596491951 ," 4,622.10 ",,,,,,
31-Mar-1991,11.670%, 21.4123988720319 ," 4,775.08 ",,,,,,
30-Apr-1991,11.280%, 21.9724124503241 ," 5,092.70 ",,,,,,
31-May-1991,10.340%, 22.3996408541716 ," 5,038.03 ",,,,,,
30-Jun-1991,10.510%, 22.2169296571724 ," 5,046.60 ",,,,,,
31-Jul-1991,10.140%, 22.6176912538825 ," 5,273.09 ",,,,,,
31-Aug-1991,10.220%, 23.0325885316774 ," 5,173.05 ",,,,,,
30-Sep-1991,9.510%, 23.6810253065421 ," 5,257.04 ",,,,,,
31-Oct-1991,8.500%, 24.6661619744777 ," 5,700.10 ",,,,,,
30-Nov-1991,8.250%, 24.8989495736174 ," 5,469.10 ",,,,,,
31-Dec-1991,7.600%, 25.6825775963028 ," 5,634.90 ",,,,,,
31-Jan-1992,7.570%, 24.9724851911751 ," 5,544.20 ",,,,,,
29-Feb-1992,7.480%, 25.1615123307866 ," 5,525.07 ",,,,,,
31-Mar-1992,7.550%, 25.4332482427023 ," 5,435.09 ",,,,,,
30-Apr-1992,6.680%, 26.2449972479711 ," 5,715.90 ",,,,,,
31-May-1992,6.530%, 26.7511749344726 ," 5,816.04 ",,,,,,
30-Jun-1992,6.230%, 27.4414172342474 ," 5,720.01 ",,,,,,
31-Jul-1992,5.480%, 28.4406895832677 ," 5,631.50 ",,,,,,
31-Aug-1992,6.000%, 27.4322440795009 ," 5,392.50 ",,,,,,
30-Sep-1992,6.000%, 27.7196194683614 ," 5,198.00 ",,,,,,
31-Oct-1992,5.940%, 27.9857913355948 ," 5,033.50 ",,,,,,
30-Nov-1992,5.870%, 27.9087969875589 ," 5,124.00 ",,,,,,
31-Dec-1992,5.940%, 28.3542213213133 ," 5,504.60 ",,,,,,
31-Jan-1993,5.850%, 28.8626547016049 ," 5,429.03 ",,,,,,
28-Feb-1993,5.570%, 29.8307984763216 ," 5,727.06 ",,,,,,
31-Mar-1993,5.340%, 30.2551696680350 ," 5,968.01 ",,,,,,
30-Apr-1993,5.210%, 30.8341310741641 ," 6,036.00 ",,,,,,
31-May-1993,5.220%, 30.7299180210609 ," 6,253.90 ",,,,,,
30-Jun-1993,5.260%, 31.3679786044910 ," 6,287.10 ",,,,,,
31-Jul-1993,4.830%, 32.0998760495899 ," 6,675.04 ",,,,,,
31-Aug-1993,4.810%, 32.5911661570766 ," 7,109.08 ",,,,,,
30-Sep-1993,4.910%, 32.4920660098976 ," 7,149.80 ",,,,,,
31-Oct-1993,4.770%, 33.1668192123136 ," 7,736.30 ",,,,,,
30-Nov-1993,4.820%, 32.8313223559307 ," 7,372.40 ",,,,,,
31-Dec-1993,4.840%, 33.2710322654168 ," 8,001.06 ",,,,,,
31-Jan-1994,4.770%, 33.8627759363566 ," 8,508.40 ",,,,,,
28-Feb-1994,4.850%, 33.0335828991109 ," 8,037.80 ",,,,,,
31-Mar-1994,4.970%, 32.0573186267497 ," 7,614.50 ",,,,,,
30-Apr-1994,4.890%, 31.6827230780049 ," 7,671.09 ",,,,,,
31-May-1994,4.830%, 31.5496371443882 ," 7,760.10 ",,,,,,
30-Jun-1994,5.780%, 30.6384872327683 ," 7,447.60 ",,,,,,
31-Jul-1994,5.435%, 30.9760894033553 ," 7,724.50 ",,,,,,
31-Aug-1994,5.720%, 31.4416646016347 ," 7,959.00 ",,,,,,
30-Sep-1994,6.230%, 30.5222438127844 ," 7,650.03 ",,,,,,
31-Oct-1994,6.800%, 30.4378808650342 ," 7,749.00 ",,,,,,
30-Nov-1994,7.550%, 30.5587860521843 ," 7,189.01 ",,,,,,
31-Dec-1994,8.270%, 31.1972977743724 ," 7,307.08 ",,,,,,
31-Jan-1995,8.290%, 31.0750391709483 ," 6,997.00 ",,,,,,
28-Feb-1995,7.820%, 32.1780734343138 ," 7,351.06 ",,,,,,
31-Mar-1995,7.930%, 32.5373302652859 ," 7,356.03 ",,,,,,
30-Apr-1995,7.880%, 33.0173419038220 ," 7,929.10 ",,,,,,
31-May-1995,7.590%, 34.5668531580440 ," 7,834.07 ",,,,,,
30-Jun-1995,7.620%, 34.4110599069402 ," 7,872.05 ",,,,,,
31-Jul-1995,7.610%, 34.2907562381341 ," 8,259.30 ",,,,,,
31-Aug-1995,7.550%, 35.2167937287688 ," 8,337.03 ",,,,,,
30-Sep-1995,7.490%, 36.0085422490986 ," 8,399.03 ",,,,,,
31-Oct-1995,7.510%, 35.9147053874299 ," 8,202.08 ",,,,,,
30-Nov-1995,7.400%, 37.1097719574320 ," 8,566.10 ",,,,,,
31-Dec-1995,7.440%, 37.3449656299479 ," 8,783.10 ",,,,,,
31-Jan-1996,7.480%, 37.8024203305829 ," 9,128.70 ",,,,,,
29-Feb-1996,7.500%, 37.1130803083242 ," 9,164.10 ",,,,,,
31-Mar-1996,7.580%, 36.9118724222461 ," 8,954.09 ",,,,,,
30-Apr-1996,7.550%, 37.4763973881185 ," 9,347.50 ",,,,,,
31-May-1996,7.550%, 37.5188044313726 ," 9,173.10 ",,,,,,
30-Jun-1996,7.590%, 37.7642239157370 ," 9,119.00 ",,,,,,
31-Jul-1996,7.040%, 39.1128280430529 ," 8,869.50 ",,,,,,
31-Aug-1996,6.880%, 39.7314896598880 ," 9,259.07 ",,,,,,
30-Sep-1996,6.840%, 40.3948140137674 ," 9,393.05 ",,,,,,
31-Oct-1996,6.600%, 41.3121294884136 ," 9,697.08 ",,,,,,
30-Nov-1996,6.440%, 41.7946975799119 ," 9,866.06 ",,,,,,
31-Dec-1996,5.980%, 41.8241719787694 ," 10,065.02 ",,,,,,
31-Jan-1997,5.720%, 42.1077878779796 ," 10,069.00 ",,,,,,
28-Feb-1997,6.020%, 41.8331947539298 ," 10,217.05 ",,,,,,
31-Mar-1997,6.090%, 41.5518345485097 ," 10,150.80 ",,,,,,
30-Apr-1997,6.020%, 42.2477912725527 ," 10,454.60 ",,,,,,
31-May-1997,5.460%, 43.2990949583316 ," 10,992.60 ",,,,,,
30-Jun-1997,5.350%, 44.2416742034271 ," 11,541.10 ",,,,,,
31-Jul-1997,4.920%, 45.5633603848476 ," 11,583.00 ",,,,,,
31-Aug-1997,4.840%, 45.6474225734258 ," 11,015.06 ",,,,,,
30-Sep-1997,4.780%, 46.6223334295129 ," 11,817.70 ",,,,,,
31-Oct-1997,4.840%, 47.1008412721890 ," 10,571.05 ",,,,,,
30-Nov-1997,5.050%, 46.7447424125231 ," 10,605.07 ",,,,,,
31-Dec-1997,5.050%, 47.2390401117300 ," 11,296.00 ",,,,,,
31-Jan-1998,5.020%, 47.7790532050832 ," 11,472.40 ",,,,,,
28-Feb-1998,5.010%, 47.8888303028687 ," 11,695.01 ",,,,,,
31-Mar-1998,4.960%, 48.5267405067128 ," 11,960.07 ",,,,,,
30-Apr-1998,4.970%, 48.5450868162057 ," 12,058.00 ",,,,,,
31-May-1998,4.930%, 49.6500760141893 ," 11,876.80 ",,,,,,
30-Jun-1998,5.200%, 49.2914207015613 ," 11,730.60 ",,,,,,
31-Jul-1998,5.110%, 49.6751894050526 ," 11,893.50 ",,,,,,
31-Aug-1998,5.440%, 48.9311112134871 ," 10,945.02 ",,,,,,
30-Sep-1998,4.950%, 51.2095123210878 ," 11,491.10 ",,,,,,
31-Oct-1998,4.770%, 51.8307303908851 ," 11,797.60 ",,,,,,
30-Nov-1998,4.860%, 51.7200510155836 ," 12,409.01 ",,,,,,
31-Dec-1998,4.780%, 51.9451692558369 ," 12,610.10 ",,,,,,
31-Jan-1999,4.730%, 52.1203614735357 ," 12,974.80 ",,,,,,
28-Feb-1999,4.830%, 51.2219938267265 ," 12,945.90 ",,,,,,
31-Mar-1999,4.805%, 51.6920804125861 ," 13,421.10 ",,,,,,
30-Apr-1999,4.810%, 51.8633627610487 ," 14,044.80 ",,,,,,
31-May-1999,4.900%, 51.0043945657735 ," 13,153.40 ",,,,,,
30-Jun-1999,4.920%, 50.6281448415826 ," 13,530.02 ",,,,,,
31-Jul-1999,4.900%, 51.1407888502824 ," 13,769.60 ",,,,,,
31-Aug-1999,4.960%, 51.0271018832607 ," 13,499.90 ",,,,,,
30-Sep-1999,5.070%, 51.5134294644091 ," 13,264.70 ",,,,,,
31-Oct-1999,5.350%, 50.9021364472884 ," 13,328.00 ",,,,,,
30-Nov-1999,5.570%, 51.0753737303691 ," 14,111.50 ",,,,,,
31-Dec-1999,5.570%, 50.7673963382256 ," 14,640.01 ",,,,,,
31-Jan-2000,5.605%, 50.4652837499364 ," 14,382.08 ",,,,,,
29-Feb-2000,5.820%, 51.7179457013794 ," 14,613.10 ",,,,,,
31-Mar-2000,5.970%, 52.5851847738851 ," 14,690.00 ",,,,,,
30-Apr-2000,6.240%, 52.7471435880152 ," 14,613.01 ",,,,,,
31-May-2000,6.250%, 53.4554314381109 ," 14,469.04 ",,,,,,
30-Jun-2000,6.170%, 54.0787548221123 ," 15,628.00 ",,,,,,
31-Jul-2000,6.330%, 53.9906323847118 ," 15,345.08 ",,,,,,
31-Aug-2000,6.550%, 54.1425157665795 ," 15,600.07 ",,,,,,
29-Sep-2000,6.590%, 54.6160610829173 ," 15,714.03 ",,,,,,
31-Oct-2000,6.420%, 55.0387780991846 ," 15,526.60 ",,,,,,
30-Nov-2000,6.270%, 56.2700861494146 ," 15,713.08 ",,,,,,
31-Dec-2000,6.130%, 57.3902636855850 ," 15,404.01 ",,,,,,
31-Jan-2001,5.770%, 58.2555478234725 ," 16,058.00 ",,,,,,
28-Feb-2001,5.470%, 58.6793174968419 ," 16,032.08 ",,,,,,
31-Mar-2001,5.090%, 58.9751141425187 ," 15,263.00 ",,,,,,
30-Apr-2001,4.870%, 58.0335875545254 ," 16,156.10 ",,,,,,
31-May-2001,4.960%, 57.6792932498915 ," 16,423.10 ",,,,,,
30-Jun-2001,5.020%, 57.7347833171283 ," 17,044.08 ",,,,,,
31-Jul-2001,5.060%, 57.8620044468907 ," 16,237.04 ",,,,,,
31-Aug-2001,4.800%, 59.6814470579963 ," 16,061.06 ",,,,,,
30-Sep-2001,4.360%, 60.4286832208679 ," 15,027.04 ",,,,,,
31-Oct-2001,4.270%, 61.5129200359825 ," 16,039.08 ",,,,,,
30-Nov-2001,4.250%, 60.5286856455630 ," 16,558.05 ",,,,,,
31-Dec-2001,4.250%, 59.7837051764815 ," 16,999.60 ",,,,,,
31-Jan-2002,4.300%, 59.7670130424346 ," 17,208.20 ",,,,,,
28-Feb-2002,4.310%, 60.1703310921069 ," 17,007.00 ",,,,,,
31-Mar-2002,4.630%, 59.4695622213117 ," 17,117.40 ",,,,,,
30-Apr-2002,4.630%, 60.4297358779700 ," 16,811.02 ",,,,,,
31-May-2002,4.990%, 60.2238662247256 ," 16,953.60 ",,,,,,
30-Jun-2002,5.110%, 61.0932106114354 ," 16,245.03 ",,,,,,
31-Jul-2002,4.940%, 61.8311232399745 ," 15,591.03 ",,,,,,
31-Aug-2002,4.990%, 62.4985078426761 ," 15,835.00 ",,,,,,
30-Sep-2002,4.870%, 63.7872608947610 ," 15,178.03 ",,,,,,
31-Oct-2002,4.860%, 63.7624482630697 ," 15,588.40 ",,,,,,
30-Nov-2002,4.850%, 63.7010933919786 ," 15,764.10 ",,,,,,
31-Dec-2002,4.790%, 65.3624870581903 ," 15,507.09 ",,,,,,
31-Jan-2003,4.800%, 65.6157262810270 ," 15,249.70 ",,,,,,
28-Feb-2003,4.740%, 66.3195027435425 ," 14,500.70 ",,,,,,
31-Mar-2003,4.780%, 65.8378369295602 ," 15,075.39 ",,,,,,
30-Apr-2003,4.800%, 66.1670178433308 ," 15,724.05 ",,,,,,
31-May-2003,4.780%, 67.3447907609421 ," 15,779.04 ",,,,,,
30-Jun-2003,4.670%, 67.3268955902072 ," 15,966.07 ",,,,,,
31-Jul-2003,4.760%, 66.6166528054934 ," 16,474.00 ",,,,,,
31-Aug-2003,4.850%, 66.5211617683786 ," 16,954.70 ",,,,,,
30-Sep-2003,4.910%, 67.0038802394629 ," 16,915.01 ",,,,,,
31-Oct-2003,5.050%, 66.1194978941524 ," 17,479.06 ",,,,,,
30-Nov-2003,5.410%, 65.7830987602535 ," 17,126.20 ",,,,,,
31-Dec-2003,5.520%, 67.1497484378903 ," 17,774.00 ",,,,,,
31-Jan-2004,5.630%, 66.8584631797936 ," 17,626.02 ",,,,,,
29-Feb-2004,5.610%, 67.8308175829185 ," 18,181.50 ",,,,,,
31-Mar-2004,5.520%, 68.4822619495033 ," 18,604.20 ",,,,,,
30-Apr-2004,5.570%, 67.6572795406658 ," 18,548.06 ",,,,,,
31-May-2004,5.490%, 68.3025583442243 ," 18,909.60 ",,,,,,
30-Jun-2004,5.500%, 68.5371504983961 ," 19,416.07 ",,,,,,
31-Jul-2004,5.480%, 68.8251274056006 ," 19,453.02 ",,,,,,
31-Aug-2004,5.450%, 69.9598917616137 ," 19,672.88 ",,,,,,
30-Sep-2004,5.420%, 70.5738916112826 ," 20,417.80 ",,,,,,
31-Oct-2004,5.430%, 71.1256343123444 ," 21,064.75 ",,,,,,
30-Nov-2004,5.400%, 72.0052045109027 ," 22,036.15 ",,,,,,
31-Dec-2004,5.430%, 71.9346764850651 ," 22,749.05 ",,,,,,
31-Jan-2005,5.480%, 71.8778330015543 ," 23,068.61 ",,,,,,
28-Feb-2005,5.770%, 71.5512085407458 ," 23,580.71 ",,,,,,
31-Mar-2005,5.920%, 71.6107588568048 ," 23,372.60 ",,,,,,
30-Apr-2005,5.700%, 72.9719948693453 ," 22,664.14 ",,,,,,
31-May-2005,5.670%, 73.8541215208657 ," 23,413.08 ",,,,,,
30-Jun-2005,5.660%, 74.3278172167896 ," 24,533.91 ",,,,,,
31-Jul-2005,5.640%, 74.5679734156437 ," 25,172.83 ",,,,,,
31-Aug-2005,5.610%, 75.2186658842984 ," 25,677.85 ",,,,,,
30-Sep-2005,5.640%, 74.5554919100050 ," 26,982.33 ",,,,,,
31-Oct-2005,5.650%, 74.5574468446231 ," 25,942.78 ",,,,,,
30-Nov-2005,5.620%, 75.1791160531784 ," 27,107.55 ",,,,,,
31-Dec-2005,5.640%, 76.0120685800744 ," 27,943.01 ",,,,,,
31-Jan-2006,5.625%, 75.9284575302541 ," 28,918.36 ",,,,,,
28-Feb-2006,5.605%, 76.3992960140439 ," 29,087.24 ",,,,,,
31-Mar-2006,5.600%, 76.3890702021953 ," 30,466.58 ",,,,,,
30-Apr-2006,5.805%, 75.6849929805079 ," 31,246.03 ",,,,,,
31-May-2006,5.890%, 75.9871055687971 ," 29,776.09 ",,,,,,
30-Jun-2006,5.970%, 76.1001910174748 ," 30,405.08 ",,,,,,
31-Jul-2006,6.195%, 76.0949277319645 ," 29,881.74 ",,,,,,
31-Aug-2006,6.190%, 77.0890871750606 ," 30,877.76 ",,,,,,
30-Sep-2006,6.195%, 77.8050443840426 ," 31,288.20 ",,,,,,
31-Oct-2006,6.380%, 77.4784199232342 ," 32,718.57 ",,,,,,
30-Nov-2006,6.385%, 78.1456541463498 ," 33,475.56 ",,,,,,
31-Dec-2006,6.435%, 77.5939114452880 ," 34,711.04 ",,,,,,
31-Jan-2007,6.395%, 77.8602336921074 ," 35,345.11 ",,,,,,
28-Feb-2007,6.340%, 79.0131939780274 ," 35,920.87 ",,,,,,
31-Mar-2007,6.515%, 78.6190490831016 ," 37,103.54 ",,,,,,
30-Apr-2007,6.390%, 79.1222191778829 ," 38,176.90 ",,,,,,
31-May-2007,6.350%, 79.0940981952995 ," 39,184.96 ",,,,,,
30-Jun-2007,6.430%, 78.6658171343499 ," 39,119.09 ",,,,,,
31-Jul-2007,6.615%, 79.5892981720224 ," 38,304.16 ",,,,,,
31-Aug-2007,6.870%, 80.4739812765050 ," 39,240.53 ",,,,,,
30-Sep-2007,6.875%, 79.9566755006389 ," 41,424.11 ",,,,,,
31-Oct-2007,7.010%, 80.0718662635207 ," 42,624.00 ",,,,,,
30-Nov-2007,7.240%, 81.2330974266712 ," 41,417.00 ",,,,,,
31-Dec-2007,7.195%, 80.3981899651571 ," 40,291.00 ",,,,,,
31-Jan-2008,7.345%, 81.7125075468633 ," 35,920.00 ",,,,,,
29-Feb-2008,7.960%, 81.7313049951143 ," 35,674.00 ",,,,,,
31-Mar-2008,7.835%, 83.0140428637588 ," 34,492.00 ",,,,,,
30-Apr-2008,7.800%, 82.6398984537720 ," 36,055.00 ",,,,,,
31-May-2008,7.730%, 82.0577790763367 ," 36,605.00 ",,,,,,
30-Jun-2008,7.800%, 82.6932832068047 ," 33,875.00 ",,,,,,
31-Jul-2008,7.690%, 84.3173827356864 ," 32,330.00 ",,,,,,
31-Aug-2008,7.230%, 86.5007439449303 ," 33,652.00 ",,,,,,
30-Sep-2008,7.010%, 88.4986871246269 ," 30,339.00 ",,,,,,
31-Oct-2008,5.750%, 90.3665519624269 ," 26,515.00 ",,,,,,
30-Nov-2008,4.510%, 93.8082895473822 ," 24,870.00 ",,,,,,
31-Dec-2008,4.075%, 96.6972317741736 ," 24,801.00 ",,,,,,
31-Jan-2009,3.335%, 97.2128833745936 ," 23,592.00 ",,,,,,
28-Feb-2009,3.135%, 95.8603693780415 ," 22,513.00 ",,,,,,
31-Mar-2009,3.120%, 95.8301430812540 ," 24,310.00 ",,,,,,
30-Apr-2009,3.055%, 95.6508906147330 ," 25,664.00 ",,,,,,
31-May-2009,3.150%, 93.3228642437498 ," 26,012.00 ",,,,,,
30-Jun-2009,3.200%, 92.2040401238535 ," 27,054.00 ",,,,,,
31-Jul-2009,3.160%, 92.0628336925923 ," 29,032.00 ",,,,,,
31-Aug-2009,3.400%, 92.8633042289106 ," 30,940.00 ",,,,,,
30-Sep-2009,3.365%, 93.3451204224789 ," 32,870.00 ",,,,,,
31-Oct-2009,3.880%, 93.0697754004990 ," 32,186.00 ",,,,,,
30-Nov-2009,3.995%, 94.8710220816977 ," 32,760.00 ",,,,,,
31-Dec-2009,4.205%, 94.0085951559443 ," 33,986.00 ",,,,,,
31-Jan-2010,4.270%, 95.3275745048167 ," 31,886.00 ",,,,,,
28-Feb-2010,4.140%, 95.4749464991041 ," 32,576.00 ",,,,,,
31-Mar-2010,4.435%, 94.6440992864123 ," 34,449.00 ",,,,,,
30-Apr-2010,4.595%, 95.1290734512867 ," 33,973.00 ",,,,,,
31-May-2010,4.820%, 97.0697220087144 ," 31,422.00 ",,,,,,
30-Jun-2010,4.890%, 98.5157721077632 ," 30,610.00 ",,,,,,
31-Jul-2010,4.760%, 98.4730643053370 ," 31,977.00 ",,,,,,
31-Aug-2010,4.735%, 100.6063491124400 ," 31,609.00 ",,,,,,
30-Sep-2010,4.895%, 99.5287289991102 ," 33,070.00 ",,,,,,
31-Oct-2010,4.780%, 99.2261652720629 ," 33,659.00 ",,,,,,
30-Nov-2010,5.020%, 98.8712694490850 ," 33,299.00 ",,,,,,
31-Dec-2010,5.015%, 98.7851019463027 ," 34,519.00 ",,,,,,
31-Jan-2011,4.920%, 99.6846726298000 ," 34,582.00 ",,,,,,
28-Feb-2011,4.960%, 100.0382150365040 ," 35,395.00 ",,,,,,
31-Mar-2011,4.915%, 100.8265048263550 ," 35,632.00 ",,,,,,
30-Apr-2011,4.920%, 101.3406526309150 ," 35,528.00 ",,,,,,
31-May-2011,5.005%, 102.6256461933500 ," 34,829.00 ",,,,,,
30-Jun-2011,4.990%, 103.5052163919080 ," 34,201.00 ",,,,,,
31-Jul-2011,5.035%, 105.5201524648240 ," 32,842.00 ",,,,,,
31-Aug-2011,4.860%, 108.1716453253090 ," 32,215.00 ",,,,,,
30-Sep-2011,4.860%, 109.4970909963800 ," 30,239.00 ",,,,,,
31-Oct-2011,4.710%, 108.3969139451490 ," 32,431.00 ",,,,,,
30-Nov-2011,4.575%, 112.1142973112560 ," 31,303.00 ",,,,,,
31-Dec-2011,4.495%, 113.0695084415760 ," 30,879.00 ",,,,,,
31-Jan-2012,4.340%, 113.1504126588480 ," 32,449.00 ",,,,,,
29-Feb-2012,4.452%, 112.0270771513710 ," 33,068.00 ",,,,,,
31-Mar-2012,4.300%, 112.6507012945450 ," 33,472.00 ",,,,,,
30-Apr-2012,4.040%, 115.1264004189870 ," 33,951.00 ",,,,,,
31-May-2012,3.440%, 119.4914686620290 ," 31,696.00 ",,,,,,
30-Jun-2012,3.540%, 118.7161115165740 ," 31,905.00 ",,,,,,
31-Jul-2012,3.575%, 118.5445284089390 ," 33,270.00 ",,,,,,
31-Aug-2012,3.608%, 118.6962614112210 ," 33,982.00 ",,,,,,
30-Sep-2012,3.360%, 119.8695229412520 ," 34,724.00 ",,,,,,
31-Oct-2012,3.138%, 119.0473977445490 ," 35,760.00 ",,,,,,
30-Nov-2012,3.238%, 119.0176225865190 ," 35,929.00 ",,,,,,
31-Dec-2012,3.070%, 118.7858876444820 ," 37,135.00 ",,,,,,
31-Jan-2013,2.950%, 118.0616595582690 ," 38,974.00 ",,,,,,
28-Feb-2013,2.970%, 119.1889049349820 ," 41,067.00 ",,,,,,
31-Mar-2013,3.088%, 118.0939911692610 ," 40,161.00 ",,,,,,
30-Apr-2013,2.930%, 120.3086313323940 ," 41,984.00 ",,,,,,
31-May-2013,2.816%, 118.9334100183550 ," 40,094.00 ",,,,,,
30-Jun-2013,2.817%, 117.3963802697720 ," 39,163.00 ",,,,,,
31-Jul-2013,2.662%, 118.3368542006630 ," 41,200.00 ",,,,,,
31-Aug-2013,2.585%, 117.5930767682690 ," 42,231.00 ",,,,,,
30-Sep-2013,2.578%, 117.6778908547780 ," 43,158.00 ",,,,,,
31-Oct-2013,2.585%, 118.1439171918150 ," 44,873.00 ",,,,,,
30-Nov-2013,2.590%, 117.1317121983980 ," 44,285.00 ",,,,,,
31-Dec-2013,2.633%, 117.5556322513540 ," 44,635.00 ",,,,,,
31-Jan-2014,2.628%, 119.3868044701680 ," 43,283.00 ",,,,,,
28-Feb-2014,2.620%, 119.4099629264130 ," 45,436.00 ",,,,,,
31-Mar-2014,2.668%, 119.3863533314100 ," 45,568.00 ",,,,,,
30-Apr-2014,2.677%, 120.5281855279650 ," 46,375.00 ",,,,,,
31-May-2014,2.697%, 122.4928948191540 ," 46,691.00 ",,,,,,
30-Jun-2014,2.690%, 123.4423915252060 ," 45,991.00 ",,,,,,
31-Jul-2014,2.650%, 124.0400000000000 ," 48,016.00 ",,,,,,
31-Aug-2014,2.630%, 125.5000000000000 ," 48,315.00 ",,,,,,
30-Sep-2014,2.708%, 124.9000000000000 ," 45,717.00 ",,,,,,
31-Oct-2014,2.740%, 126.3500000000000 ," 47,714.00 ",,,,,,
30-Nov-2014,2.740%, 128.3000000000000 ," 46,188.00 ",,,,,,
31-Dec-2014,2.780%, 130.7900000000000 ," 47,139.00 ",,,,,,
31-Jan-2015,2.540%, 133.2300000000000 ," 48,685.00 ",,,,,,
28-Feb-2015,2.310%, 133.4600000000000 ," 52,038.00 ",,,,,,
31-Mar-2015,2.213%, 134.6600000000000 ," 52,007.00 ",,,,,,
30-Apr-2015,2.250%, 132.8500000000000 ," 51,121.00 ",,,,,,
31-May-2015,2.135%, 132.8100000000000 ," 51,325.00 ",,,,,,
30-Jun-2015,2.140%, 131.3700000000000 ," 48,602.00 ",,,,,,
31-Jul-2015,2.150%, 133.4200000000000 ," 50,742.00 ",,,,,,
31-Aug-2015,2.143%, 134.3500000000000 ," 46,788.00 ",,,,,,
30-Sep-2015,2.190%, 134.7400000000000 ," 45,405.00 ",,,,,,
31-Oct-2015,2.102%, 135.1700000000000 ," 47,387.00 ",,,,,,
30-Nov-2015,2.257%, 133.7300000000000 ," 47,063.00 ",,,,,,
31-Dec-2015,2.380%, 134.2700000000000 ," 48,346.00 ",,,,,,
31-Jan-2016,2.280%, 136.1100000000000 ," 45,698.00 ",,,,,,
29-Feb-2016,2.283%, 137.8300000000000 ," 44,893.00 ",,,,,,
31-Mar-2016,2.285%, 137.4000000000000 ," 47,019.00 ",,,,,,
30-Apr-2016,2.145%, 137.6600000000000 ," 48,602.00 ",,,,,,
31-May-2016,1.980%, 139.6200000000000 ," 50,101.00 ",,,,,,
30-Jun-2016,1.960%, 141.8400000000000 ," 48,872.00 ",,,,,,
31-Jul-2016,1.860%, 142.9900000000000 ," 51,946.00 ",,,,,,
31-Aug-2016,1.730%, 143.4900000000000 ," 51,139.00 ",,,,,,
30-Sep-2016,1.738%, 143.0200000000000 ," 51,386.00 ",,,,,,
31-Oct-2016,1.740%, 140.7000000000000 ," 50,282.00 ",,,,,,
30-Nov-2016,1.760%, 138.1700000000000 ," 51,784.00 ",,,,,,
31-Dec-2016,1.810%, 137.9400000000000 ," 54,040.00 ",,,,,,
31-Jan-2017,1.770%, 138.7400000000000 ," 53,623.00 ",,,,,,
28-Feb-2017,1.780%, 138.9500000000000 ," 54,830.00 ",,,,,,
31-Mar-2017,1.790%, 139.5700000000000 ," 56,653.00 ",,,,,,
30-Apr-2017,1.740%, 140.7500000000000 ," 57,239.00 ",,,,,,
31-May-2017,1.730%, 142.5800000000000 ," 55,662.00 ",,,,,,
30-Jun-2017,1.710%, 141.0300000000000 ," 55,759.00 ",,,,,,
31-Jul-2017,1.690%, 141.2800000000000 ," 55,753.00 ",,,,,,
31-Aug-2017,1.710%, 141.2100000000000 ," 56,147.00 ",,,,,,
30-Sep-2017,1.710%, 140.6100000000000 ," 56,138.00 ",,,,,,
31-Oct-2017,1.690%, 142.3000000000000 ," 58,392.00 ",,,,,,
30-Nov-2017,1.740%, 143.7100000000000 ," 59,351.00 ",,,,,,
31-Dec-2017,1.795%, 142.7600000000000 ," 60,426.00 ",,,,,,
31-Jan-2018,1.755%, 142.2100000000000 ," 60,155.00 ",,,,,,
28-Feb-2018,1.795%, 142.6000000000000 ," 60,369.00 ",,,,,,
31-Mar-2018,2.040%, 144.0700000000000 ," 58,093.00 ",,,,,,
30-Apr-2018,2.025%, 143.3700000000000 ," 60,362.00 ",,,,,,
31-May-2018,1.980%, 144.5300000000000 ," 61,021.00 ",,,,,,
30-Jun-2018,2.120%, 145.3000000000000 ," 63,015.00 ",,,,,,
31-Jul-2018,1.974%, 145.4800000000000 ," 63,889.60 ",,,,,,
31-Aug-2018,1.945%, 146.7700000000000 ," 64,795.65 ",,,,,,
30-Sep-2018,1.940%, 145.9600000000000 ," 63,979.04 ",,,,,,
31-Oct-2018,1.910%, 146.7000000000000 ," 60,107.66 ",,,,,,
30-Nov-2018,1.940%, 147.1300000000000 ," 58,779.99 ",,,,,,
31-Dec-2018,2.090%, 149.7800000000000 ," 58,709.79 ",,,,,,
31-Jan-2019,2.076%, 150.8500000000000 ," 60,981.04 ",,,,,,
28-Feb-2019,1.869%, 152.4300000000000 ," 64,627.01 ",,,,,,
31-Mar-2019,1.781%, 155.5500000000000 ," 65,101.27 ",,,,,,
30-Apr-2019,1.563%, 155.8900000000000 ," 66,643.40 ",,,,,,
31-May-2019,1.415%, 159.0500000000000 ," 67,783.66 ",,,,,,
30-Jun-2019,1.205%, 160.9000000000000 ," 70,291.79 ",,,,,,
31-Jul-2019,1.025%, 162.5500000000000 ," 72,358.18 ",,,,,,
31-Aug-2019,0.983%, 165.5500000000000 ," 70,654.10 ",,,,,,
30-Sep-2019,0.945%, 164.5100000000000 ," 71,954.54 ",,,,,,
31-Oct-2019,0.935%, 163.5300000000000 ," 71,699.29 ",,,,,,
30-Nov-2019,0.885%, 165.0100000000000 ," 74,048.83 ",,,,,,
31-Dec-2019,0.932%, 161.6600000000000 ," 72,445.03 ",,,,,,
31-Jan-2020,0.880%, 166.1300000000000 ," 76,055.84 ",,,,,,
29-Feb-2020,0.800%, 167.8000000000000 ," 70,210.11 ",,,,,,
31-Mar-2020,0.363%, 167.9000000000000 ," 55,711.41 ",,,,,,
30-Apr-2020,0.098%, 167.5100000000000 ," 60,602.95 ",,,,,,
31-May-2020,0.095%, 167.8400000000000 ," 63,244.36 ",,,,,,
30-Jun-2020,0.101%, 168.2400000000000 ," 64,892.86 ",,,,,,
31-Jul-2020,0.100%, 168.7800000000000 ," 65,218.91 ",,,,,,
31-Aug-2020,0.090%, 167.8500000000000 ," 67,065.85 ",,,,,,
30-Sep-2020,0.080%, 169.9700000000000 ," 64,608.07 ",,,,,,
31-Oct-2020,0.057%, 170.4200000000000 ," 65,856.45 ",,,,,,
30-Nov-2020,0.020%, 169.9700000000000 ," 72,581.26 ",,,,,,
31-Dec-2020,0.010%, 169.4500000000000 ," 73,459.59 ",,,,,,
31-Jan-2021,0.010%, 168.5000000000000 ," 73,688.31 ",,,,,,
28-Feb-2021,0.030%, 161.0800000000000 ," 74,759.47 ",,,,,,
31-Mar-2021,0.035%, 162.7500000000000 ," 76,585.69 ",,,,,,
30-Apr-2021,0.040%, 163.7900000000000 ," 79,245.34 ",,,,,,
31-May-2021,0.026%, 164.2900000000000 ," 81,100.22 ",,,,,,
30-Jun-2021,0.030%, 165.7800000000000 ," 82,932.29 ",,,,,,
31-Jul-2021,0.021%, 169.2100000000000 ," 83,844.75 ",,,,,,
31-Aug-2021,0.012%, 169.3700000000000 ," 85,944.45 ",,,,,,
30-Sep-2021,0.020%, 166.1900000000000 ," 84,351.55 ",,,,,,
31-Oct-2021,0.060%, 159.4200000000000 ," 84,268.94 ",,,,,,
30-Nov-2021,0.038%, 163.6300000000000 ," 83,815.62 ",,,,,,
31-Dec-2021,0.068%, 163.7600000000000 ," 86,117.72 ",,,,,,
31-Jan-2022,0.065%, 161.6800000000000 ," 80,647.79 ",,,,,,
28-Feb-2022,0.080%, 159.4400000000000 ," 82,377.32 ",,,,,,
31-Mar-2022,0.211%, 152.4100000000000 ," 88,049.03 ",,,,,,
30-Apr-2022,0.662%, 149.8100000000000 ," 87,297.17 ",,,,,,
31-May-2022,1.187%, 147.9800000000000 ," 85,024.90 ",,,,,,
30-Jun-2022,1.843%, 145.2700000000000 ," 77,568.63 ",,,,,,
31-Jul-2022,2.081%, 151.1400000000000 ," 82,028.33 ",,,,,,
31-Aug-2022,2.467%, 146.3300000000000 ," 82,992.41 ",,,,,,
30-Sep-2022,3.060%, 143.9100000000000 ," 77,868.43 ",,,,,,
31-Oct-2022,3.076%, 145.3400000000000 ," 82,573.97 ",,,,,,
30-Nov-2022,3.068%, 148.0000000000000 ," 88,008.95 ",,,,,,
31-Dec-2022,3.275%, 143.9300000000000 ," 85,188.04 ",,,,,,
31-Jan-2023,3.343%, 148.7100000000000 ," 90,491.06 ",,,,,,
28-Feb-2023,3.573%, 146.3600000000000 ," 88,276.24 ",,,,,,
31-Mar-2023,3.705%, 151.8800000000000 ," 88,137.90 ",,,,,,
30-Apr-2023,3.648%, 152.0900000000000 ," 89,767.06 ",,,,,,
31-May-2023,4.042%, 149.8100000000000 ," 87,494.78 ",,,,,,
30-Jun-2023,4.361%, 146.3900000000000 ," 89,031.72 ",,,,,,
31-Jul-2023,4.277%, 147.0200000000000 ," 91,599.31 ",,,,,,
31-Aug-2023,4.140%, 148.0700000000000 ," 90,928.19 ",,,,,,
30-Sep-2023,4.140%, 145.0400000000000 ," 88,349.69 ",,,,,,
31-Oct-2023,4.351%, 141.4200000000000 ," 85,011.75 ",,,,,,
30-Nov-2023,4.367%, 146.7000000000000 ," 89,287.56 ",,,,,,
31-Dec-2023,4.348%, 151.5000000000000 ," 95,767.31 ",,,,,,
31-Jan-2024,4.316%, 151.6900000000000 ," 96,904.13 ",,,,,,
29-Feb-2024,4.335%, 150.9400000000000 ," 97,671.44 ",,,,,,
31-Mar-2024,4.334%, 152.9800000000000 ," 100,869.63 ",,,,,,
30-Apr-2024,4.389%, 148.9900000000000 ," 97,908.81 ",,,,,,
31-May-2024,4.350%, 149.4600000000000 ," 98,806.38 ",,,,,,
30-Jun-2024,4.380%, 150.9600000000000 ," 99,807.75 ",,,,,,
,,,,,,,,,
,,,,,,,,,
,,,,,,,,,
,,,,,,,,,
,,,,,,,,,
,,,,,,,,,
,,,,,,,,,
,,,,,,,,,
,,,,,,,,,
,,,,,,,,,
,,,,,,,,,
,,,,,,,,,
,,,,,,,,,
,,,,,,,,,
,,,,,,,,,
,,,,,,,,,
,,,,,,,,,
,,,,,,,,,
,,,,,,,,,
,,,,,,,,,
,,,,,,,,,
,,,,,,,,,
,,,,,,,,,
,,,,,,,,,
,,,,,,,,,
,,,,,,,,,
,,,,,,,,,
,,,,,,,,,
,,,,,,,,,
,,,,,,,,,
,,,,,,,,,
,,,,,,,,,
,,,,,,,,,
,,,,,,,,,
,,,,,,,,,
,,,,,,,,,
,,,,,,,,,
,,,,,,,,,
,,,,,,,,,
,,,,,,,,,
,,,,,,,,,
,,,,,,,,,
,,,,,,,,,
,,,,,,,,,
,,,,,,,,,
,,,,,,,,,
,,,,,,,,,
,,,,,,,,,
,,,,,,,,,
,,,,,,,,,
,,,,,,,,,
,,,,,,,,,
,,,,,,,,,
,,,,,,,,,
,,,,,,,,,